Workbook

Sheet Instruções
A1: Modelo de importação — Inventário de ativos e ferramentas (AnkoraOne)
A2: Versão do modelo: 1.0 (26-10-2026). Preencha e importe na AnkoraOne em formato .xlsx ou .csv (uma folha por ficheiro CSV).
A4: ATENÇÃO — Classificação
A5: A lista de ativos diretamente acessíveis pela Internet constitui informação classificada de grau RESERVADO (Reg. do CNCS n.º 756/2026, art. 32.º, n.º 1). Guarde e transmita este ficheiro apenas por canais autorizados e apague cópias desnecessárias.
A7: Como preencher
A8: 1. Folha «Ativos»: uma linha por ativo, a partir da linha 4. As colunas a vermelho (*) são obrigatórias. A linha 2 indica a base legal de cada coluna; a linha 3 é um exemplo (substituir ou apagar).
A9: 2. Células a amarelo são de preenchimento. Use as listas pendentes onde existirem. Datas no formato AAAA-MM-DD.
A10: 3. «Acessível publicamente pela Internet» = Sim obriga a preencher Endereço IP e/ou FQDN, quando aplicável, e as dependências (art. 32.º, n.º 1, al. f), g) e i)).
A11: 4. Folha «Ferramentas»: uma linha por ferramenta ou tecnologia. Escolha a categoria; as colunas «automático» mostram a alínea da NIS2, o ponto do Reg. Exec. 2024/2690 e o controlo QNRCS correspondentes.
A12: 5. Indique o nome do ficheiro de evidência que vai anexar na AnkoraOne (captura de ecrã, relatório, contrato). O ficheiro é carregado depois, na própria aplicação.
A14: Base legal das colunas
A15: Regulamento do CNCS n.º 756/2026, art. 32.º (lista de ativos publicamente acessíveis) e Anexo I (QNRCS: ID.GA-1 a ID.GA-9).
... A21: Atualização anual: entidades essenciais — com o relatório anual (RJC, art. 30.º, n.º 2); entidades importantes e públicas relevantes — até ao último dia útil de janeiro do ano seguinte.

Sheet Ativos
A1: ID do ativo * | B1: Nome do ativo * | C1: Tipo de ativo * | D1: Serviço suportado * | E1: Descrição | F1: Fabricante | G1: Modelo / Versão | H1: Sistema operativo | I1: Software do servidor aplicacional | J1: Localização | K1: Responsável (proprietário) * | L1: Fornecedor | M1: Acessível publicamente pela Internet * | N1: Endereço IP | O1: FQDN | P1: Dependências (IDs de outros ativos) | Q1: Confidencialidade * | R1: Integridade * | S1: Autenticidade * | T1: Disponibilidade * | U1: Criticidade * | V1: RTO (horas) | W1: RPO (horas) | X1: Fase do ciclo de vida * | Y1: Fim de suporte do fabricante | Z1: Sujeito a registo de eventos | AA1: Data da última revisão * | AB1: Observações
A2: Reg. Exec. 2024/2690, ponto 12.4.1 (inventário exato e coerente) | B2: Reg. 756/2026, art. 32.º, n.º 1, al. b) | C2: QNRCS ID.GA-1 (físicos), ID.GA-2 (lógicos), ID.GA-3 (redes e fluxos), ID.GA-4 (serviços de fornecedores), ID.GA-6 (dados) | D2: Reg. 756/2026, art. 32.º, n.º 1, al. a); Reg. Exec. 2024/2690, ponto 12.4.2 | E2: — | F2: Reg. 756/2026, art. 32.º, n.º 1, al. h) | G2: Reg. 756/2026, art. 32.º, n.º 1, al. c) | H2: Reg. 756/2026, art. 32.º, n.º 1, al. d) | I2: Reg. 756/2026, art. 32.º, n.º 1, al. e) | J2: Reg. Exec. 2024/2690, ponto 13 (segurança física) | K2: Reg. Exec. 2024/2690, ponto 12.2 (tratamento de ativos) | L2: QNRCS ID.GA-4 | M2: Reg. 756/2026, art. 32.º, n.º 1 | N2: Reg. 756/2026, art. 32.º, n.º 1, al. f) | O2: Reg. 756/2026, art. 32.º, n.º 1, al. g) | P2: Reg. 756/2026, art. 32.º, n.º 1, al. i), e n.º 2 | Q2: Reg. Exec. 2024/2690, ponto 12.1.2, al. b) | R2: Reg. Exec. 2024/2690, ponto 12.1.2, al. b) | S2: Reg. Exec. 2024/2690, ponto 12.1.2, al. b) | T2: Reg. Exec. 2024/2690, ponto 12.1.2, al. b) | U2: QNRCS ID.GA-5 | V2: Reg. Exec. 2024/2690, ponto 12.1.2, al. c) | W2: Reg. Exec. 2024/2690, ponto 12.1.2, al. c) | X2: QNRCS ID.GA-7; Reg. Exec. 2024/2690, ponto 12.2.2, al. a) | Y2: QNRCS ID.GA-7 (atualizações de segurança) | Z2: Reg. Exec. 2024/2690, ponto 3.2.3 | AA2: Reg. Exec. 2024/2690, ponto 12.4.3 | AB2: —
A3: ATV-001 | B3: Portal de clientes | C3: Software ou aplicação | D3: Atendimento online a clientes | E3: Portal web de pedidos | F3: Fornecedor X | G3: v4.2 | H3: Ubuntu 22.04 LTS | I3: nginx 1.24 | J3: Datacenter Lisboa | K3: Diretor de Sistemas | L3: Fornecedor X | M3: Sim | N3: 203.0.113.10 | O3: portal.exemplo.pt | P3: ATV-002; ATV-007 | Q3: 3 - Alto | R3: 4 - Muito alto | S3: 3 - Alto | T3: 4 - Muito alto | U3: Crítica | V3: 4 | W3: 1 | X3: Em produção | Y3: 2027-12-31 | Z3: Sim | AA3: 2026-10-20 | AB3: Linha de exemplo: substituir ou apagar

Sheet Ferramentas
A1: Categoria * | B1: Produto / ferramenta * | C1: Fabricante | D1: Versão | E1: Ativos abrangidos (IDs) * | F1: Alínea NIS2 (automático) | G1: Reg. Exec. 2024/2690 (automático) | H1: QNRCS (automático) | I1: Evidência apresentada * | J1: Nome do ficheiro de evidência * | K1: Data da evidência * | L1: Responsável | M1: Observações
A2: Deteção e resposta em endpoints (EDR/antimalware) | B2: Produto EDR (exemplo) | C2: Fabricante Y | D2: 8.1 | E2: ATV-001; ATV-003 | F2: =IF($A2="","",IFERROR(INDEX('Catálogo de ferramentas'!$B$2:$B$15,MATCH($A2,'Catálogo de ferramentas'!$A$2:$A$15,0)),"Categoria fora do catálogo")) -> e) | G2: =IF($A2="","",IFERROR(INDEX('Catálogo de ferramentas'!$C$2:$C$15,MATCH($A2,'Catálogo de ferramentas'!$A$2:$A$15,0)),"Categoria fora do catálogo")) -> 6.9 (proteção contra software malicioso) | H2: =IF($A2="","",IFERROR(INDEX('Catálogo de ferramentas'!$D$2:$D$15,MATCH($A2,'Catálogo de ferramentas'!$A$2:$A$15,0)),"Categoria fora do catálogo")) -> DE.MC-4 — nível básico: ferramentas de monitorização de endpoints | I2: Relatório exportado da ferramenta | J2: edr_cobertura_2026-10.pdf | K2: 2026-10-15 | L2: Equipa de segurança | M2: Linha de exemplo: substituir ou apagar
F3: =IF($A3="","",IFERROR(INDEX('Catálogo de ferramentas'!$B$2:$B$15,MATCH($A3,'Catálogo de ferramentas'!$A$2:$A$15,0)),"Categoria fora do catálogo")) | G3: =IF($A3="","",IFERROR(INDEX('Catálogo de ferramentas'!$C$2:$C$15,MATCH($A3,'Catálogo de ferramentas'!$A$2:$A$15,0)),"Categoria fora do catálogo")) | H3: =IF($A3="","",IFERROR(INDEX('Catálogo de ferramentas'!$D$2:$D$15,MATCH($A3,'Catálogo de ferramentas'!$A$2:$A$15,0)),"Categoria fora do catálogo"))
F4: =IF($A4="","",IFERROR(INDEX('Catálogo de ferramentas'!$B$2:$B$15,MATCH($A4,'Catálogo de ferramentas'!$A$2:$A$15,0)),"Categoria fora do catálogo")) | G4: =IF($A4="","",IFERROR(INDEX('Catálogo de ferramentas'!$C$2:$C$15,MATCH($A4,'Catálogo de ferramentas'!$A$2:$A$15,0)),"Categoria fora do catálogo")) | H4: =IF($A4="","",IFERROR(INDEX('Catálogo de ferramentas'!$D$2:$D$15,MATCH($A4,'Catálogo de ferramentas'!$A$2:$A$15,0)),"Categoria fora do catálogo"))
F5: =IF($A5="","",IFERROR(INDEX('Catálogo de ferramentas'!$B$2:$B$15,MATCH($A5,'Catálogo de ferramentas'!$A$2:$A$15,0)),"Categoria fora do catálogo")) | G5: =IF($A5="","",IFERROR(INDEX('Catálogo de ferramentas'!$C$2:$C$15,MATCH($A5,'Catálogo de ferramentas'!$A$2:$A$15,0)),"Categoria fora do catálogo")) | H5: =IF($A5="","",IFERROR(INDEX('Catálogo de ferramentas'!$D$2:$D$15,MATCH($A5,'Catálogo de ferramentas'!$A$2:$A$15,0)),"Categoria fora do catálogo"))
F6: =IF($A6="","",IFERROR(INDEX('Catálogo de ferramentas'!$B$2:$B$15,MATCH($A6,'Catálogo de ferramentas'!$A$2:$A$15,0)),"Categoria fora do catálogo")) | G6: =IF($A6="","",IFERROR(INDEX('Catálogo de ferramentas'!$C$2:$C$15,MATCH($A6,'Catálogo de ferramentas'!$A$2:$A$15,0)),"Categoria fora do catálogo")) | H6: =IF($A6="","",IFERROR(INDEX('Catálogo de ferramentas'!$D$2:$D$15,MATCH($A6,'Catálogo de ferramentas'!$A$2:$A$15,0)),"Categoria fora do catálogo"))
F7: =IF($A7="","",IFERROR(INDEX('Catálogo de ferramentas'!$B$2:$B$15,MATCH($A7,'Catálogo de ferramentas'!$A$2:$A$15,0)),"Categoria fora do catálogo")) | G7: =IF($A7="","",IFERROR(INDEX('Catálogo de ferramentas'!$C$2:$C$15,MATCH($A7,'Catálogo de ferramentas'!$A$2:$A$15,0)),"Categoria fora do catálogo")) | H7: =IF($A7="","",IFERROR(INDEX('Catálogo de ferramentas'!$D$2:$D$15,MATCH($A7,'Catálogo de ferramentas'!$A$2:$A$15,0)),"Categoria fora do catálogo"))
F8: =IF($A8="","",IFERROR(INDEX('Catálogo de ferramentas'!$B$2:$B$15,MATCH($A8,'Catálogo de ferramentas'!$A$2:$A$15,0)),"Categoria fora do catálogo")) | G8: =IF($A8="","",IFERROR(INDEX('Catálogo de ferramentas'!$C$2:$C$15,MATCH($A8,'Catálogo de ferramentas'!$A$2:$A$15,0)),"Categoria fora do catálogo")) | H8: =IF($A8="","",IFERROR(INDEX('Catálogo de ferramentas'!$D$2:$D$15,MATCH($A8,'Catálogo de ferramentas'!$A$2:$A$15,0)),"Categoria fora do catálogo"))
F9: =IF($A9="","",IFERROR(INDEX('Catálogo de ferramentas'!$B$2:$B$15,MATCH($A9,'Catálogo de ferramentas'!$A$2:$A$15,0)),"Categoria fora do catálogo")) | G9: =IF($A9="","",IFERROR(INDEX('Catálogo de ferramentas'!$C$2:$C$15,MATCH($A9,'Catálogo de ferramentas'!$A$2:$A$15,0)),"Categoria fora do catálogo")) | H9: =IF($A9="","",IFERROR(INDEX('Catálogo de ferramentas'!$D$2:$D$15,MATCH($A9,'Catálogo de ferramentas'!$A$2:$A$15,0)),"Categoria fora do catálogo"))
F10: =IF($A10="","",IFERROR(INDEX('Catálogo de ferramentas'!$B$2:$B$15,MATCH($A10,'Catálogo de ferramentas'!$A$2:$A$15,0)),"Categoria fora do catálogo")) | G10: =IF($A10="","",IFERROR(INDEX('Catálogo de ferramentas'!$C$2:$C$15,MATCH($A10,'Catálogo de ferramentas'!$A$2:$A$15,0)),"Categoria fora do catálogo")) | H10: =IF($A10="","",IFERROR(INDEX('Catálogo de ferramentas'!$D$2:$D$15,MATCH($A10,'Catálogo de ferramentas'!$A$2:$A$15,0)),"Categoria fora do catálogo"))
F11: =IF($A11="","",IFERROR(INDEX('Catálogo de ferramentas'!$B$2:$B$15,MATCH($A11,'Catálogo de ferramentas'!$A$2:$A$15,0)),"Categoria fora do catálogo")) | G11: =IF($A11="","",IFERROR(INDEX('Catálogo de ferramentas'!$C$2:$C$15,MATCH($A11,'Catálogo de ferramentas'!$A$2:$A$15,0)),"Categoria fora do catálogo")) | H11: =IF($A11="","",IFERROR(INDEX('Catálogo de ferramentas'!$D$2:$D$15,MATCH($A11,'Catálogo de ferramentas'!$A$2:$A$15,0)),"Categoria fora do catálogo"))
F12: =IF($A12="","",IFERROR(INDEX('Catálogo de ferramentas'!$B$2:$B$15,MATCH($A12,'Catálogo de ferramentas'!$A$2:$A$15,0)),"Categoria fora do catálogo")) | G12: =IF($A12="","",IFERROR(INDEX('Catálogo de ferramentas'!$C$2:$C$15,MATCH($A12,'Catálogo de ferramentas'!$A$2:$A$15,0)),"Categoria fora do catálogo")) | H12: =IF($A12="","",IFERROR(INDEX('Catálogo de ferramentas'!$D$2:$D$15,MATCH($A12,'Catálogo de ferramentas'!$A$2:$A$15,0)),"Categoria fora do catálogo"))
F13: =IF($A13="","",IFERROR(INDEX('Catálogo de ferramentas'!$B$2:$B$15,MATCH($A13,'Catálogo de ferramentas'!$A$2:$A$15,0)),"Categoria fora do catálogo")) | G13: =IF($A13="","",IFERROR(INDEX('Catálogo de ferramentas'!$C$2:$C$15,MATCH($A13,'Catálogo de ferramentas'!$A$2:$A$15,0)),"Categoria fora do catálogo")) | H13: =IF($A13="","",IFERROR(INDEX('Catálogo de ferramentas'!$D$2:$D$15,MATCH($A13,'Catálogo de ferramentas'!$A$2:$A$15,0)),"Categoria fora do catálogo"))
F14: =IF($A14="","",IFERROR(INDEX('Catálogo de ferramentas'!$B$2:$B$15,MATCH($A14,'Catálogo de ferramentas'!$A$2:$A$15,0)),"Categoria fora do catálogo")) | G14: =IF($A14="","",IFERROR(INDEX('Catálogo de ferramentas'!$C$2:$C$15,MATCH($A14,'Catálogo de ferramentas'!$A$2:$A$15,0)),"Categoria fora do catálogo")) | H14: =IF($A14="","",IFERROR(INDEX('Catálogo de ferramentas'!$D$2:$D$15,MATCH($A14,'Catálogo de ferramentas'!$A$2:$A$15,0)),"Categoria fora do catálogo"))
... F203: =IF($A203="","",IFERROR(INDEX('Catálogo de ferramentas'!$B$2:$B$15,MATCH($A203,'Catálogo de ferramentas'!$A$2:$A$15,0)),"Categoria fora do catálogo")) | G203: =IF($A203="","",IFERROR(INDEX('Catálogo de ferramentas'!$C$2:$C$15,MATCH($A203,'Catálogo de ferramentas'!$A$2:$A$15,0)),"Categoria fora do catálogo")) | H203: =IF($A203="","",IFERROR(INDEX('Catálogo de ferramentas'!$D$2:$D$15,MATCH($A203,'Catálogo de ferramentas'!$A$2:$A$15,0)),"Categoria fora do catálogo"))

Sheet Listas
A1: Tipo | B1: SimNao | C1: Criticidade | D1: Escala | E1: Ciclo | F1: Evidencia
A2: Equipamento físico | B2: Sim | C2: Baixa | D2: 1 - Baixo | E2: Planeado | F2: Captura de ecrã da configuração
A3: Software ou aplicação | B3: Não | C3: Média | D3: 2 - Médio | E3: Em produção | F3: Relatório exportado da ferramenta
A4: Rede ou fluxo de comunicação | C4: Alta | D4: 3 - Alto | E4: Em descontinuação | F4: Contrato ou licença
A5: Serviço de fornecedor | C5: Crítica | D5: 4 - Muito alto | E5: Abatido | F5: Política ou procedimento aprovado
A6: Dados ou informação | F6: Registo de eventos (log)
A7: Serviço ou operação | F7: Relatório de teste ou auditoria
A8: Instalação física | F8: Outro

Sheet Catálogo de ferramentas
A1: Categoria de ferramenta | B1: Alínea NIS2 (art. 21.º, n.º 2) | C1: Reg. Exec. (UE) 2024/2690 — ponto do anexo | D1: QNRCS (Reg. 756/2026) — controlo e medida que a referem | E1: Evidência habitual
A2: Inventário e gestão de ativos (CMDB) | B2: i) | C2: 12.4 (inventário de ativos) | D2: ID.GA-1 e ID.GA-2 — nível elevado: «utilizar ferramentas» de gestão | E2: Exportação do inventário; captura de ecrã da ferramenta
A3: Gestão de vulnerabilidades (análise) | B3: e) | C3: 6.10 (gestão de vulnerabilidades) | D3: ID.AR-1 — nível elevado: ferramentas de identificação e monitorização contínua | E3: Relatório de análise com data e âmbito
A4: Testes de intrusão | B4: e) | C4: 6.5 (ensaios da segurança) | D4: ID.AR-1 — nível elevado: testes de intrusão regulares | E4: Relatório do teste e plano de correção
A5: Firewall e proteção de perímetro | B5: e) | C5: 6.7 (segurança da rede) | D5: PR.RI-1 — nível básico: firewalls instaladas e regras atualizadas | E5: Exportação das regras; configuração
A6: Deteção e resposta em endpoints (EDR/antimalware) | B6: e) | C6: 6.9 (proteção contra software malicioso) | D6: DE.MC-4 — nível básico: ferramentas de monitorização de endpoints | E6: Consola com cobertura e versões
A7: Gestão centralizada de software | B7: e) | C7: 6.9 (software não autorizado) | D7: DE.MC-5 — nível elevado: ferramenta centralizada e alarmística | E7: Relatório de software instalado
A8: Registo e monitorização de eventos (SIEM/logs) | B8: b) | C8: 3.2 (monitorização e registo) | D8: DE.AE-2 — nível básico: recolha de eventos ativa; DE.MC-1 — monitorização de tráfego | E8: Política de retenção; captura de ecrã de alertas
A9: Cópias de segurança | B9: c) | C9: 4.2 (cópias de segurança e redundância) | D9: PR.SD-5 — nível básico: cópias regulares em sistema distinto; RC.PR-3 | E9: Relatório de backup e teste de reposição
A10: Autenticação multifator (MFA) | B10: j) | C10: 11.7 (autenticação multifator) | D10: PR.GA-3 — nível básico: MFA nos acessos remotos e contas privilegiadas | E10: Política de MFA; lista de exceções
A11: Gestão de identidades e acessos (IAM/PAM) | B11: i) | C11: 11.2 a 11.6 (direitos de acesso) | D11: PR.GA-1 — nível elevado: gestão por mecanismos automatizados | E11: Revisão periódica de acessos
A12: Criptografia e cifra | B12: h) | C12: 9 (criptografia) | D12: PR.SD-1 (dados em repouso) e PR.SD-2 (dados em trânsito) | E12: Política de criptografia; configuração TLS
... A15: Gestão de alterações e configurações | B15: e) | C15: 6.3 e 6.4 (configurações e alterações) | D15: ID.GA-9 — nível elevado: processo de gestão de alterações | E15: Registo de alterações aprovadas
A17: Fontes: Diretiva (UE) 2022/2555, art. 21.º, n.º 2; Regulamento de Execução (UE) 2024/2690, Anexo (cada secção indica a alínea do art. 21.º, n.º 2, que concretiza); Regulamento do CNCS n.º 756/2026, Anexos I e III. A NIS2 não impõe produtos concretos: exige medidas; a coluna «Categoria» indica o tipo de ferramenta que habitualmente as concretiza.
